subject_id,workflow_id,timestep,activity,accel_x,accel_y,accel_z,gyro_x,gyro_y,gyro_z
1,S01_W00,0,sitting,0.4643752275676122,0.13198769227379184,0.3911015621974875,-0.08727839925491652,0.0727740220814172,0.05263326526150174
1,S01_W00,1,sitting,0.5351554028623455,0.19835370898043703,0.2908281285016914,-0.11147788299653229,0.1301415325366313,0.13697604128316965
1,S01_W00,2,sitting,0.4727152206971165,0.24713703725490213,0.5005588192082606,-0.11586676894295739,0.04656498315193445,0.043260940079187224
1,S01_W00,3,sitting,0.4911849144033782,0.30488114061486693,0.32410475441166503,-0.1506136866468665,0.021573570445265658,0.1610215573750228
1,S01_W00,4,sitting,0.5034401873665042,0.25984361678545187,0.2838313165200937,-0.0648770656194427,0.0968546630399902,0.12706951468346694
1,S01_W00,5,sitting,0.515628769735469,0.2360419815890271,0.3950919203027828,-0.07809362017281993,0.11063714713483669,0.16066648091329733
1,S01_W00,6,sitting,0.3311359794927684,0.1942780926573667,0.3067082435602221,-0.1346612875859663,0.06548408032215428,0.23033621768356377
1,S01_W00,7,sitting,0.38009340799170527,0.2989451658534137,0.21311753404796138,-0.11039408356265076,0.10050364097531408,0.15820447809025684
1,S01_W00,8,sitting,0.5077651303619951,0.28651472433130376,0.3231054538770062,-0.1206447204727871,0.15610947368523287,0.09655621222727988
1,S01_W00,9,sitting,0.350173109810778,0.13388026241589202,0.2805484351639207,-0.04393805422686653,0.09885354345294273,0.16764114423293847
1,S01_W00,10,sitting,0.4192610426926679,0.23865428080082207,0.40709544030484524,-0.10851398009582663,0.12398966080150525,0.05997769688137881
1,S01_W00,11,sitting,0.42546080731473995,0.19679085864239482,0.264164767007477,-0.044864773141964416,0.049883689527397836,0.11444826838031788
1,S01_W00,12,sitting,0.49387779919501745,0.2643414552732649,0.4156844135665452,-0.09175866100216867,0.05356032630171377,0.10757557550536867
1,S01_W00,13,sitting,0.32119189798479575,0.11406870976745422,0.25909512748200436,-0.16371771887540842,0.11939452534495074,0.042006149052161365
1,S01_W00,14,sitting,0.42653248949643013,0.334923803547321,0.338701278237544,-0.024995740676013935,0.012711652000730059,0.09848788295526555
1,S01_W00,15,sitting,0.3812355227295856,0.204939243783377,0.4365502312548458,-0.22224245928089298,0.12214352215151668,0.13440695289733892
1,S01_W00,16,sitting,0.4100008115702168,0.11738158372961499,0.3770491830880489,-0.1264768694129999,0.10599237872027066,0.1175881312116542
1,S01_W00,17,sitting,0.5858132223041085,0.21484953249987257,0.2911805933146406,-0.06983677885056912,0.10496675634351607,0.22501329763909722
1,S01_W00,18,sitting,0.5244594301085517,0.26340638511938214,0.4917328908216744,-0.17934196188186624,0.03617572926762378,0.042576869811275134
1,S01_W00,19,sitting,0.42628589723469285,0.12550699461469977,0.4269141665728072,-0.1020814929066475,-0.030319729199000958,0.03586744270737195
1,S01_W00,20,sitting,0.4822115686345199,0.30340321027997874,0.5370977264291659,0.14874192846569984,0.12048654545794862,0.03834756829424818
1,S01_W00,21,sitting,0.286065344981247,0.2584067796938763,0.31340353464510445,-0.11765963333929436,0.03835515900122298,0.10663007929042143
1,S01_W00,22,sitting,0.5412441216519589,0.2501156955781458,0.36664877775344895,-0.16734788808142692,-0.04666252310539988,0.0793571974159474
1,S01_W00,23,sitting,0.4508371694991766,0.37947293388555936,0.3904823197868956,-0.005941473162471414,0.04735777325149784,0.023820425478512805
1,S01_W00,24,sitting,0.3769413472302272,0.18043160641537392,0.5508777606304254,-0.15033708434516535,0.15436996690424515,0.046721340098099126
1,S01_W00,25,sitting,0.5275238024895161,0.2695810004886905,0.3684270893180386,-0.08795309645360566,0.03489732692108744,0.15496624826609903
1,S01_W00,26,sitting,0.41528251440598585,0.14099545905392447,0.2788983593985587,-0.07095139204134751,0.21359725915395283,0.132390013829204
1,S01_W00,27,sitting,0.44070900136675917,0.2620924820546407,0.48560535008150085,-0.06727450129100221,0.054385502035417047,0.20838913872018328
1,S01_W00,28,sitting,0.48285487151845696,0.3621925472841325,0.39559181499740365,-0.18284960260943844,-0.022203226178183197,0.2522406733032253
1,S01_W00,29,sitting,0.5846371748866631,0.224999170952485,0.3499014372537061,0.03195622421036057,-0.0013242065382212537,0.048853614031211176
1,S01_W00,30,sitting,0.49623483740537844,0.20774368240914937,0.37958516745461435,-0.0981022081040683,0.11423546078625887,0.23328050701643557
1,S01_W00,31,sitting,0.4498755096589664,0.29070112957919525,0.2152344985883743,-0.08899188077816236,0.01976123628070031,0.02341185269314433
1,S01_W00,32,sitting,0.37007191553784247,0.21225246446763854,0.451588509186153,-0.1912735910750431,0.08966045205185735,0.08240295565522436
1,S01_W00,33,sitting,0.4116412145879741,0.3189215137948545,0.42024821066519,0.021761820078783703,0.0748398682986053,0.06566530953492986
1,S01_W00,34,sitting,0.4173131756218285,0.2577412929990606,0.3900221950551194,-0.17204897612611125,0.09443001193477138,0.13978771582399122
1,S01_W00,35,sitting,0.6338228637279095,0.388051798651868,0.3061490482872839,-0.10835650518397875,-0.029893905705732304,0.07444607498250398
1,S01_W00,36,sitting,0.45471310816908833,0.333857146716795,0.3144091055882647,-0.1377654185690379,-0.08461092315002014,0.10884694335270068
1,S01_W00,37,sitting,0.34134858304941595,0.1944402314518664,0.30072972846453805,-0.09304249313203773,-0.05345520607895081,0.0046385164839884
1,S01_W00,38,sitting,0.5933964345203094,0.1331299880759853,0.2810944882368356,0.06138393253573275,0.3195594274243471,0.028403012727291482
1,S01_W00,39,sitting,0.3901503072360778,0.2626985320053641,0.5049084475386629,-0.16458520971619206,0.06752293894330397,0.18442579899466927
1,S01_W00,40,sitting,0.45078451032366806,0.20445380914089464,0.3534993578465981,-0.1956955919668386,0.06808250531568336,0.10102244730146887
1,S01_W00,41,sitting,0.43081015838330433,0.18921429203591889,0.39933890080027973,-0.004753693372382045,0.09956211612713073,0.15055278285265095
1,S01_W00,42,sitting,0.4125636658572865,0.2326634428329431,0.3011207798378025,-0.0605181546717206,0.07933633534913821,0.28992870065408793
1,S01_W00,43,sitting,0.5300967002445172,0.26246278904868503,0.29485045006101135,-0.17489701332636615,0.18240232234976275,0.14354225941929902
1,S01_W00,44,sitting,0.43840040561850413,0.09088884055618038,0.42696083787881434,-0.04961648968750246,-0.0017318148753520252,0.08483152525913898
1,S01_W00,45,sitting,0.41669173092472683,0.2334361539788834,0.32608515818157463,-0.09431477888134807,0.06693633559329909,0.1347737911695518
1,S01_W00,46,sitting,0.5087652541149467,0.022611841175720127,0.3270276246220083,-0.07197986249735326,0.11076606447505166,0.09281499051144874
1,S01_W00,47,sitting,0.24580722369999825,0.25281268212636393,0.4805055967418631,-0.2088744043081321,0.15618494058458396,0.09626959267766357
1,S01_W00,48,sitting,0.376587107484969,0.1408927401325083,0.3117297061606006,0.017773983842067728,0.13368340901374665,0.2611040850440683
1,S01_W00,49,sitting,0.4706846864049079,0.258726438389511,0.4739979168488804,-0.05117363848334219,0.1533024711593241,0.09874513051643016
1,S01_W00,50,sitting,0.37666632561344304,0.16620406672549953,0.409476908354425,-0.18062026399703607,0.14964401016043727,0.10715449366934257
1,S01_W00,51,sitting,0.4597473318240615,0.28038985042887027,0.4716208592391362,-0.02795621762085073,-0.03871453236918024,0.11697024001115289
1,S01_W00,52,sitting,0.2668476854320571,0.17710452253732187,0.4423602983041067,-0.035477003304172,0.03112709982933881,0.04113319265735124
1,S01_W00,53,sitting,0.35764920942271317,0.11941325081220669,0.26309959067792305,-0.061579723361524126,0.17945948488293292,0.17081979451346402
1,S01_W00,54,sitting,0.16600151695729712,0.2391835072174023,0.317720365714749,-0.05348925042556242,0.21632442735874696,-0.043067644324254625
1,S01_W00,55,sitting,0.29615614029352383,0.26012813778339294,0.18043731426939885,0.031445654457112365,0.11649278313420969,0.18957496937944912
1,S01_W00,56,standing,0.4898109425498862,0.3639958457762819,0.5451213479110024,-0.06036485486270507,0.10549030667117136,0.1521978361730929
1,S01_W00,57,standing,0.47567567776238584,0.28790657672360326,0.46173422744865644,-0.04845224387920309,0.16669005071256088,0.047026687648689475
1,S01_W00,58,standing,0.5433847076204699,0.4188949414345724,0.4280357560074959,-0.14516692018137478,0.10282066474977869,0.20038042541474113
1,S01_W00,59,standing,0.5623064719222532,0.40722048022699203,0.568919288219321,-0.012315924385328775,0.13089817837572915,0.320142335021655
1,S01_W00,60,standing,0.5523318248519937,0.1410025610317201,0.6408083548787273,-0.11656300918575138,0.0951326456578022,0.23977466845578893
1,S01_W00,61,standing,0.447243442413901,0.20138898587320575,0.39567176800073084,-0.14377384467559873,0.12160718563677483,0.17800583371389114
1,S01_W00,62,standing,0.6035154241804322,0.1885918131051252,0.34946138536030097,-0.07620033091472357,0.048628948608165905,0.17386114991567486
1,S01_W00,63,standing,0.6428528099757066,0.312620880058188,0.6047429920914547,-0.06252658237932233,0.1287117405325744,0.08175482898281976
1,S01_W00,64,standing,0.5768894659044086,0.3171086178258324,0.6183832158633946,-0.11268624993071118,0.12793626714543024,0.11785854660451014
1,S01_W00,65,standing,0.5856819838213583,0.3673898861857517,0.40123104289171896,-0.18523616990325453,-0.032394801895156006,-0.04658847578864961
1,S01_W00,66,standing,0.5439038249044915,0.3605022237290143,0.5449284524639969,-0.06603392724267176,0.17325542385852993,0.24726872564717906
1,S01_W00,67,standing,0.594955000863756,0.40821135864530045,0.5812246441000821,-0.14919440929415337,0.03850487116059739,0.023541454148267985
1,S01_W00,68,standing,0.5309878898682228,0.2705185277644904,0.6433539957255268,0.05510761814894123,-0.02457783612600084,0.17431830090666273
1,S01_W00,69,standing,0.5195705352518685,0.3362300394404226,0.5728573070154546,-0.22938317104866152,0.16020116986921212,0.09537664040672486
1,S01_W00,70,standing,0.5600930836069691,0.2116282192755486,0.5343317159448129,-0.04904083606666741,0.0707395570449482,0.17093080300069932
1,S01_W00,71,standing,0.6309595583296476,0.4016759717304048,0.5616251932679557,-0.20178599378648662,0.17119958795467538,0.11895617987726578
1,S01_W00,72,standing,0.6895789819081343,0.32536914031393954,0.579966594641096,-0.056103818274510095,0.2418465139954635,0.3124470147155861
1,S01_W00,73,standing,0.6035697072154499,0.30605233317923397,0.676996140684593,-0.1520298052533514,0.11235590501779048,0.14500854224512777
1,S01_W00,74,standing,0.619939521939612,0.2249688153425031,0.463196485592584,-0.2505884241934076,-0.003734609630679092,0.11114792359322831
1,S01_W00,75,standing,0.5673787568290647,0.4448821627443462,0.677329545701673,-0.16209093805645497,0.1134197441711787,0.11601517082481363
1,S01_W00,76,standing,0.5632927079555288,0.30286024208773865,0.6358946065368628,-0.11263857647739157,0.17065926918211896,0.057940699288526964
1,S01_W00,77,standing,0.5809595183770385,0.49384489158824707,0.6007420142333949,0.02878538800824615,0.09282199453588458,0.1964468431587859
1,S01_W00,78,standing,0.5695268891387586,0.27026264297408303,0.5160986738448928,-0.05182044117063468,0.017327818546336818,0.20389475832602344
1,S01_W00,79,standing,0.6537213423516064,0.3109506970857882,0.5501507531962839,-0.05029826252281969,0.06070856629680837,0.22612908342827065
1,S01_W00,80,standing,0.41243291259660114,0.2523824914338016,0.40741747485687474,-0.20658879839612204,0.19446423324267081,0.22351136954452921
1,S01_W00,81,standing,0.4926600440137654,0.1565049996827098,0.3221987343919529,-0.13082874727471272,0.27894254981626704,0.18727223674833454
1,S01_W00,82,standing,0.49596101547811344,0.3112585792393778,0.4262200054846833,-0.11149619557429084,0.09322291271827522,0.14615182555799233
1,S01_W00,83,standing,0.5937454686845334,0.2988448038680812,0.5953673689089208,-0.14313667566502722,0.15704660723661254,0.28388647642330933
1,S01_W00,84,standing,0.4418809449624781,0.19735419258831444,0.6386513195276797,-0.1037256355137176,0.19748506022104795,0.11867337791881499
1,S01_W00,85,standing,0.6241794396603856,0.275862556946758,0.5414322344881739,0.03641412401259113,0.05619701988060597,0.07926407347750655
1,S01_W00,86,standing,0.4594590044983694,0.2983830442669392,0.38361371074485695,-0.03810415663903333,0.04199761649329803,0.24682918262477802
1,S01_W00,87,standing,0.2906728905848909,0.19600414630944935,0.36119137592268613,-0.15553135255284445,0.10487463144679668,0.14108893067836598
1,S01_W00,88,standing,0.44813131333669276,0.24280984544237705,0.4987685105791186,-0.17043905973519735,0.14157276007250463,0.208835641375962
1,S01_W00,89,standing,0.4847288008240366,0.29656643632742036,0.4917756739451641,0.07273511703383964,0.07802209423121187,0.13162328094237297
1,S01_W00,90,standing,0.37852364061350496,0.1658475721769381,0.35326889905571646,-0.16147988429585944,0.07930146317390381,0.18327326438868316
1,S01_W00,91,standing,0.42715366321758363,0.18345813509396178,0.508830403109822,-0.03151862816313127,0.07215173789235405,0.1046080985717564
1,S01_W00,92,standing,0.4505909992340108,0.2559006559074007,0.304205452627256,-0.09639522417464982,0.10585563483724823,0.08514945283999174
1,S01_W00,93,standing,0.40497943653988466,0.12053016073833811,0.5094693287055558,0.00860496586137402,0.06466202402775828,0.18645683720029177
1,S01_W00,94,standing,0.17951788892449994,0.1403546995963112,0.3608989079831585,-0.1772644410086141,0.14198725799646117,0.3173913850854975
1,S01_W00,95,standing,0.2601713707222496,0.16170738165232595,0.3844023021688308,0.037144697355269554,-0.012980775811500589,0.17772936218775304
1,S01_W00,96,standing,0.4814882659239412,0.09230312119783182,0.2436162325131933,-0.12587146208021174,0.04313723991300417,0.2229849518899092
1,S01_W00,97,standing,0.3361224407457977,0.07808585496609838,0.3672729372937868,-0.13841146642001292,0.18671676001080578,0.10791172857601698
1,S01_W00,98,standing,0.2464146845357154,0.2589140332545718,0.3664495517799774,-0.05657247501910932,-0.050108595774564946,0.20127482505129685
1,S01_W00,99,standing,0.19473069499539009,0.2298901854923821,0.17036404577958486,-0.05691295769865778,0.020191032017906826,0.055706051678392654
1,S01_W00,100,standing,0.31431857519926143,0.22575038568101588,0.21350009958941546,0.023291419934321697,0.04944806295918306,0.1609415768226017
1,S01_W00,101,standing,0.2580995682783258,0.15210467653172755,0.27820962420231765,-0.13564873117639556,0.051752069842915596,0.2674118787123892
1,S01_W00,102,standing,0.13237940096846168,0.003825352705577434,0.3468770023457598,0.1108188685946336,0.052246048212494615,0.003452284546942741
1,S01_W00,103,standing,0.1695245833419958,0.1690328072091902,0.17991289553669843,-0.18233810452298826,0.13101851708555776,0.20033013413806217
1,S01_W00,104,standing,0.05327659302895206,0.24286465104024493,0.33608710236366335,-0.07963452728860795,0.057655238124478016,0.14695086991337336
1,S01_W00,105,standing,0.20027603743468336,0.043391260411781124,0.1614897409818661,-0.12473712131560075,0.2324564726767272,0.14429027869985978
1,S01_W00,106,standing,0.26250608692908123,0.08838204956405536,0.17152657934420604,-0.06804078434480457,0.015097512721958278,0.17230017522219895
1,S01_W00,107,standing,0.2039220824902394,0.145536989143197,-0.034821638544939096,-0.09507460078285226,0.012419870678175501,0.13057705898998964
1,S01_W00,108,standing,0.07809806617468741,0.02967236430070147,-0.05290420582529157,-0.05513858420465739,0.04279283712952729,-0.047387854629311554
1,S01_W00,109,walking,1.5037753940758383,1.1324523831507847,0.9925105001995984,0.0065434704463154525,0.10880795604547147,0.4576684665987958
1,S01_W00,110,walking,1.8837806452618868,1.0973162095976892,1.2840202054413004,0.07199130136174867,0.10151722487689928,0.48732188073652966
1,S01_W00,111,walking,1.9703432472282425,0.9625618062967181,1.3630442315706757,-0.009742240717856725,0.08827051477944983,0.5646519263201046
1,S01_W00,112,walking,1.925693441290879,0.8991715050146188,1.501639768567976,-0.053636719447466216,0.09080601508233002,0.27197629996719347
1,S01_W00,113,walking,1.8981338574064488,0.7887048484422597,1.2988699864623725,-0.17624368697166465,-0.06799886341362124,0.44323362200840144
1,S01_W00,114,walking,1.9638495249645982,0.7401734649275515,1.3384905421257265,-0.16818027182351308,0.0807764422371286,0.3883132398935334
1,S01_W00,115,walking,1.624728320326605,0.7044771407152834,1.2708769612424422,-0.17230634439698495,-0.011456280132914035,0.5294529162930672
1,S01_W00,116,walking,1.3576793884046299,0.5516830177634511,1.0767495750567073,-0.3747862275622913,-0.14139379019744858,0.5349690928283046
1,S01_W00,117,walking,1.0873908949626414,0.3579633751707573,0.83760146110625,-0.2308908708882879,-0.20339348943712238,0.3670244744495996
1,S01_W00,118,walking,0.6640079547831048,0.4394463391370321,0.5782895387464666,-0.291349873469255,-0.11537511510689966,0.40369379189671883
1,S01_W00,119,walking,0.36138098049828127,0.20725541111919246,0.2827547302656117,-0.3857272045778092,-0.0037061529945680016,0.5122596638210962
1,S01_W00,120,walking,-0.0394692458502682,0.145990444632806,-0.05283553709407783,-0.553932756045738,0.05384188203034758,0.6008317450743462
1,S01_W00,121,walking,-0.6051093645653317,-0.18815140745938969,0.37314207843797687,-0.2884062932445056,0.11862936977504022,0.55316906533084
1,S01_W00,122,walking,-0.9493214797322124,-0.2296709766235607,0.6350414884354184,-0.36139550861186187,-0.10381871529683293,0.6816630048688146
1,S01_W00,123,walking,-1.128369469746616,-0.1827105209265549,0.7954323376110287,-0.23078767233204603,0.03253431770498548,0.5589071719805924
1,S01_W00,124,walking,-1.4616315505012305,-0.3331580455424078,1.1167215844022547,-0.19907497084193293,0.013966762102785593,0.3863972371801025
1,S01_W00,125,walking,-1.7705714108541912,-0.5324616532649059,1.0867743414068063,-0.05792837522144009,0.13165585643416028,0.6432460338891508
1,S01_W00,126,walking,-1.8878857734009329,-0.47612853360821744,1.257692807434383,-0.113236278831163,-0.08629991512953819,0.5715276748264118
1,S01_W00,127,walking,-1.9442767771095184,-0.7755850161982928,1.2521380008127723,-0.07057521640119914,0.153932844174496,0.6164012787938349
1,S01_W00,128,walking,-1.8976371822886207,-0.7285105134276972,1.190744744712576,-0.016242110563753364,-0.06652183716049569,0.5377099512673059
1,S01_W00,129,walking,-1.8197481677325962,-0.9143204717454021,1.0936269463878117,0.09113455932746711,-0.11205270625038571,0.5447415147901142
1,S01_W00,130,walking,-1.461755477385327,-0.7834181627004773,0.9413407071481782,0.11539459516717958,-0.02517915065765107,0.47245316728429887
1,S01_W00,131,walking,-1.2267735305395278,-0.8789459321086346,0.7193754122922464,0.24266179959381928,0.043968330494691524,0.4640343624210538
1,S01_W00,132,walking,-0.9394634140210839,-0.9197692516826567,0.3200449003977339,0.13858832624315612,0.0873262328969501,0.5275033732178053
1,S01_W00,133,walking,-0.5880933433369174,-0.9264440955818468,0.0006932085109142283,0.2207428146830832,0.10176693036610276,0.4807407230815655
1,S01_W00,134,walking,-0.18390869178923452,-0.8367050367512334,-0.13572667111725692,0.03367965377034135,-0.05611925089295883,0.5781233325246813
1,S01_W00,135,walking,0.24584293397361956,-0.9476360122418725,0.3610818819230136,-0.023705839631496195,0.13735836111615024,0.7044321440923901
1,S01_W00,136,walking,0.5185910037113641,-0.9414014192275043,0.4908941881074932,0.09165024885384014,0.09221126061246235,0.697260196707623
1,S01_W00,137,walking,1.0795748240925487,-0.8973042495577368,0.9566949992145662,0.12646080553185154,0.2708479930376625,0.5789622437525813
1,S01_W00,138,walking,1.2090946006828172,-0.7877301726623225,1.2650705209233923,0.1414906435827562,0.08566755704943325,0.6671300072223527
1,S01_W00,139,walking,1.3649551896374557,-0.7904835680390979,1.2330021606600317,0.01756298213370367,0.17553687547368757,0.5937311861134388
1,S01_W00,140,walking,1.5361315879557476,-0.6402644075160558,1.090728784404508,0.004976274205278151,0.08485682813458675,0.48004771050781886
1,S01_W00,141,walking,1.5347902215189926,-0.5800964740539951,1.2074718307589407,-0.047175376432929586,0.06524752934547595,0.5655114949892798
1,S01_W00,142,walking,1.437275386603271,-0.4937965323011931,1.2340235557545336,-0.2581532405092383,0.23868530703676905,0.605557682117966
1,S01_W00,143,walking,1.1955093061649698,-0.5419385519445945,1.0941307744262834,-0.2543649377320185,0.17940445617690015,0.6005436674602851
1,S01_W00,144,walking,1.154015463093482,-0.19787774966256064,0.8307886757489844,-0.38189862254846646,0.10587313541028717,0.6279738375966482
1,S01_W00,145,walking,0.9629142218788128,-0.19130880789082977,0.49481530661618556,-0.4655799068762911,0.1310103588806743,0.5621331639840589
1,S01_W00,146,walking,0.5113775784322203,-0.03298605985926436,0.40809487171537806,-0.27400424299404946,0.14648431395638764,0.5394690676533251
1,S01_W00,147,walking,0.23402879945008567,-0.03588915930510325,0.1791143007540308,-0.36454774670670265,0.19024363710716236,0.7370310759999236
1,S01_W00,148,walking,-0.21238454492103828,0.3755608249144068,0.1413285132700012,-0.4750695275651629,0.20764805145654402,0.5251947699194123
1,S01_W00,149,walking,-0.5714906114727452,0.3654385087489563,0.5249562111317403,-0.4081855012030102,0.27960425865004346,0.7050308496960708
1,S01_W00,150,walking,-0.7165189682056098,0.4965658760131341,0.8871822995926611,-0.48046601865149174,0.17229703175000152,0.544015692690859
1,S01_W00,151,walking,-1.095689774981688,0.52509577174727,1.0243726926422732,-0.13855177931458723,0.1798668551747373,0.6472350876790581
1,S01_W00,152,walking,-1.3361457297653205,0.6880429988187635,1.247086648426519,-0.20199953404147708,0.28103585219499905,0.7464882477267585
1,S01_W00,153,walking,-1.4316515639170382,0.8334811129808535,1.3028314895752047,-0.18586287338830038,0.25612512161700696,0.6843484803631479
1,S01_W00,154,walking,-1.4966754381511826,0.9533860088124222,1.5148372459263673,-0.01901058934120918,0.19595359922204916,0.5867984881987258
1,S01_W00,155,walking,-1.4582996003644473,0.7347819165046843,1.51568640921343,-0.34159580435993203,0.025746343162839608,0.6513882433092586
1,S01_W00,156,walking,-1.333422878034402,0.9524794498798458,1.366371079324865,0.12342006242470233,0.11475251604756648,0.7944818223503365
1,S01_W00,157,walking,-1.178096832926593,1.1428751998012796,1.4233456669637201,0.08271069950322542,0.062301551756687015,0.6058805542278864
1,S01_W00,158,walking,-0.9161395112711124,1.0534966995594,1.0835089527218704,0.04042376273168278,0.21075235249335594,0.6168475025534591
1,S01_W00,159,lifting,1.0494562189031176,0.7714479307365036,1.483924503611931,0.11088591286326699,-0.02243564104822148,0.46370714726794865
1,S01_W00,160,lifting,1.2540875326828023,0.7329312643660222,1.5210597945112638,0.08798304595205475,0.092411895657525,0.43470313442073505
1,S01_W00,161,lifting,1.264292693606105,0.8082931393061361,1.8109530163654015,0.08399490370752227,-0.06133529849608984,0.5935994426805522
1,S01_W00,162,lifting,1.2873067281527564,0.6919709438595252,1.9733735243474966,0.13104645152768535,0.19035130444324155,0.6820828761617971
1,S01_W00,163,lifting,1.3526524640118986,0.7376539959808904,2.0621378199247884,0.0002716963267399494,0.053204834364314425,0.6524031785290066
1,S01_W00,164,lifting,1.3901207350767113,0.6277134571876376,2.0375970265201833,0.018083098000970875,0.039086144484552124,0.6231436605454698
1,S01_W00,165,lifting,1.464828572442343,0.6305579349326663,2.173062361099229,-0.02627932931799131,-0.0636605206363669,0.7205510847084706
1,S01_W00,166,lifting,1.3700915296828653,0.5005937229991256,2.0419521814525585,-0.1626361456411041,0.03576435803768345,0.5923111217171118
1,S01_W00,167,lifting,1.364585961122936,0.6531063993505059,2.136670794633784,-0.08009644614400493,0.06104344422734227,0.6723718017817019
1,S01_W00,168,lifting,1.1868541735480116,0.543089109395889,1.8900768074174144,-0.12663744866404789,0.024765786694623416,0.7153917333600243
1,S01_W00,169,lifting,1.397399781371611,0.5554836850641401,1.9511286748152752,-0.11422188896877156,-0.019994032266558652,0.640109039408484
1,S01_W00,170,lifting,1.311718865417805,0.4600854986035638,1.954890000052586,-0.12139107577317648,-0.056806996090228004,0.7264034492276156
1,S01_W00,171,lifting,1.2035197539818647,0.4768646803585758,1.7026916115396222,-0.2655829743202128,-0.025856184633930232,0.6999681719660238
1,S01_W00,172,lifting,0.9714020366325024,0.46640770520078023,1.5132593138582724,-0.2328475086881612,0.023761233841531858,0.8600340841567506
1,S01_W00,173,lifting,0.8245411735071834,0.5106960419559343,1.451250061443959,-0.201435942082152,0.022549678247672022,0.7076564436670113
1,S01_W00,174,lifting,0.797393405036641,0.4697623895256565,1.209522982787822,-0.15943725932168656,-0.04010845848648126,0.6747016245165817
1,S01_W00,175,lifting,0.5885763069502624,0.3494659061679948,1.151199125966445,-0.26954621341568086,-0.0056783997660293205,0.5975820929276036
1,S01_W00,176,lifting,0.5120574033213933,0.14453797600291068,0.7377761972552056,-0.2560219774137823,0.11450241025314674,0.9185016316727348
1,S01_W00,177,lifting,0.33282212674330364,0.34510706779093564,0.5942941273327703,-0.2943834256460388,0.04277904854109957,0.7055125375304482
1,S01_W00,178,lifting,0.23316086795196897,0.1555159984549617,0.2189625085236542,-0.41108842489501646,0.05990534532311974,0.684996396913325
1,S01_W00,179,lifting,0.018472323266358177,0.1464961044583747,0.1458254406417123,-0.27560447502890634,-0.0450783811153994,0.8115854196572504
1,S01_W00,180,lifting,0.03363045622820565,0.14290271119909884,0.22943864685470894,-0.19019769519121602,0.0978610691067266,0.7687336342853033
1,S01_W00,181,lifting,-0.2023288322338923,0.10247939391186556,0.2922725949832084,-0.23011008936512986,-0.10067820089363315,0.6619334227155953
1,S01_W00,182,lifting,-0.2999854049656775,0.08589434797476214,0.7219632301315675,-0.30165608897273977,-0.08377370340698062,0.7119319497609465
1,S01_W00,183,lifting,-0.5447648317974991,-0.01687709800030197,0.9077017374687739,-0.29980762573669173,0.037471537014814205,0.6575101544227887
1,S01_W00,184,lifting,-0.658217561666971,-0.06430995519265433,0.9590361004457458,-0.2781141942242469,-0.0042426316541183395,0.7201872408701311
1,S01_W00,185,lifting,-0.6846882727621688,-0.11313468370188408,1.1865274882057937,-0.4129097267051446,-0.05958665031425048,0.7257171787933324
1,S01_W00,186,lifting,-1.0025587935544342,-0.03461163933882455,1.3621076348462524,-0.12562906364117593,0.01861548430422648,0.754466994416578
1,S01_W00,187,lifting,-1.0636877217767542,-0.18377671163418474,1.6618112734876895,-0.39582314320654766,-0.14445086337794327,0.7125214499676936
1,S01_W00,188,lifting,-1.1505416694747577,-0.16670479244882552,1.688687984690728,-0.22076500399166446,0.09944737985718755,0.8426361378716324
1,S01_W00,189,lifting,-1.2171445868366142,-0.18149560677028226,1.7748236170223632,-0.2132243383445847,0.07624970727993591,0.7730724764442832
1,S01_W00,190,lifting,-1.295998808996027,-0.17589569350658082,1.6332099780570664,-0.25881928885978195,-0.07180031701474238,0.7389216054836263
1,S01_W00,191,lifting,-1.364029322302025,-0.4480419519699182,1.7996627610905511,-0.19051523533024983,0.2227309196389789,0.9156356178269196
1,S01_W00,192,lifting,-1.406950123119614,-0.38864363541519165,1.807882738561296,-0.25002433766807863,0.019978386061342737,0.6949354336944331
1,S01_W00,193,lifting,-1.3936569021262855,-0.5179346429420235,1.8319731961137682,-0.06103793357051418,0.062026142215391454,0.8111810441619995
1,S01_W00,194,lifting,-1.4878311811597855,-0.3500540301803887,1.7938212085181438,0.0019701614671399845,0.03547550600085668,0.6704432745236681
1,S01_W00,195,lifting,-1.3854720258660265,-0.4157561887478182,1.8440096155935306,-0.03618952102581868,0.16264997658657937,0.8636764304761948
1,S01_W00,196,lifting,-1.3417879099713494,-0.40948096967967307,1.8598696867824778,0.15481656671760666,-0.05418088810920311,0.7112236258082879
1,S01_W00,197,lifting,-1.1473021889003625,-0.5765185042226473,1.48383700923546,-0.019214948492877616,0.08178497343981037,0.7791738488607909
1,S01_W00,198,lifting,-1.247628514097545,-0.5659368825970249,1.3929995670084534,-0.030471844180213883,0.23494686728294512,0.8129336691070979
1,S01_W00,199,lifting,-1.0398733143206025,-0.5689753089575516,1.2732689532445134,0.0012308510410993165,-0.15534449898939523,0.6804064987437125
1,S01_W00,200,lifting,-1.157924750879064,-0.7253215808445408,1.0107502867448734,0.18069347290657123,0.05772414888147791,0.8951535207337065
1,S01_W00,201,lifting,-0.8709500365018943,-0.49580827368615926,0.8351663722729366,0.13071735726935724,0.12415801764670747,0.7467840885121277
1,S01_W00,202,lifting,-0.7399253196833009,-0.5237289994578304,0.6495627320699565,0.010605710877566288,-0.024208908782782507,0.8005896827307415
1,S01_W00,203,lifting,-0.6312381355228366,-0.6405356530326394,0.4703895528904309,0.15505220270354672,0.1246991359988063,0.9183186641485349
1,S01_W00,204,lifting,-0.42164985227498486,-0.6628156991045296,0.36932002800601593,0.07314146596393785,0.16360144608317512,0.7998516701623336
1,S01_W00,205,lifting,-0.4188153867048686,-0.7303560910607414,-0.017774305675020564,-0.0057808368012462474,0.16219154134474176,0.9157460217021482
1,S01_W00,206,lifting,-0.30923450347562703,-0.5620490236999115,-0.13494015607113546,0.06913347858149793,0.1515743166467426,0.7910548043490256
1,S01_W00,207,lifting,0.034449168272599626,-0.6226885614027601,0.24258481755014416,0.12473366630347922,0.15807815304948297,0.7578459900505455
1,S01_W00,208,lifting,0.030474938788501663,-0.5886979868910786,0.3312694957176404,0.16455653722919805,0.15121393757328372,0.8403293812363319
1,S01_W00,209,lifting,0.29300319760909715,-0.45632064340679535,0.5963026810747616,0.13328087042483855,0.05404398078237822,0.7936857744618272
1,S01_W00,210,lifting,0.25221906181360076,-0.43296124365853184,0.8729358895005285,0.07515433542127124,0.204102578202144,0.6168867655610877
1,S01_W00,211,lifting,0.2619625255244823,-0.4867225129933874,1.0525432842739844,0.09925996604945894,0.007108825141106168,0.7871427115498787
1,S01_W00,212,lifting,0.697308369475329,-0.4698451018065422,1.248599009968279,0.028385514587759418,0.0861720596004465,0.6168782934887174
1,S01_W00,213,lifting,0.6610659897800711,-0.45115611765204533,1.2771087544679067,0.002179721183980632,0.027374859547096744,0.7079466863938733
1,S01_W00,214,standing,0.5397649656173817,0.13214257817990713,0.5087852585004444,-0.01868669087898396,0.06665002821232269,-0.0678863037682085
1,S01_W00,215,standing,0.4650298088613452,0.39834102587104725,0.2516964875865593,-0.10692562600296424,-0.007695951317643404,0.19607519833374915
1,S01_W00,216,standing,0.4993763138745592,0.33269481928070344,0.5327596478460285,0.06751114838025242,0.07040081390925358,0.16291315974572443
1,S01_W00,217,standing,0.4425879491472056,0.3961367180555324,0.4395350617682897,-0.12452186286355336,0.0847890346818648,0.008899339366780223
1,S01_W00,218,standing,0.5870463622755923,0.37868164623104206,0.5359027118371394,-0.20705885984350336,0.0765974665639868,0.19437292590530603
1,S01_W00,219,standing,0.42518510442134244,0.21553948189627975,0.5938974912967607,-0.05863530673778192,0.11939398372555565,0.2848303908987344
1,S01_W00,220,standing,0.6188977121146442,0.3542441246511689,0.7511293024683786,-0.09765298239319341,0.022540410209753156,0.17133400003811655
1,S01_W00,221,standing,0.6218158022291166,0.2594243341377968,0.46134058369699854,0.10392406145867843,0.11245404171549889,0.07954585950024429
1,S01_W00,222,standing,0.6645328031932931,0.29263491796836905,0.5325104221245746,-0.036205126399585945,-0.017107694771673967,0.16733582627111426
1,S01_W00,223,standing,0.7481217418261489,0.33832257579961067,0.5305789042733743,-0.12208680609153302,0.053352832032660905,0.11978379955539228
1,S01_W00,224,standing,0.5679404574962439,0.3738524270367604,0.42906244951788425,-0.012897129765049198,0.05574310211026165,0.17120965792139353
1,S01_W00,225,standing,0.510327002825778,0.4062149728277035,0.6735053082391033,-0.005435309327950513,-0.03512348272698694,0.20831406083875353
1,S01_W00,226,standing,0.6344270051777716,0.17073816303983935,0.5771234034735734,-0.053391209221676464,0.13048270701001444,0.15707301280177766
1,S01_W00,227,standing,0.6261125637322617,0.41614318374361414,0.6814269518633271,-0.3122751012834786,0.0605423261567188,0.13060461522790726
1,S01_W00,228,standing,0.4626372168586958,0.3047430568373088,0.6865749998726579,-0.170197500089508,0.11279117941505043,0.0713719646343858
1,S01_W00,229,standing,0.5482528481209659,0.41421453002175423,0.5456434597281601,-0.0466603693179781,-0.06387565465596225,0.29446063855663657
1,S01_W00,230,standing,0.6486237820464641,0.28009898384732096,0.6365013178573551,-0.19679144411403854,0.1803679685255721,0.12036979035157148
1,S01_W00,231,standing,0.5816936552009528,0.2539046365166292,0.5444448158676355,-0.02880327370169094,0.10618282321666792,0.19921742139367948
1,S01_W00,232,standing,0.5941232898641621,0.33269430470463,0.5568539855432983,0.09362879799865963,-0.03977831390595034,0.24871693227341368
1,S01_W00,233,standing,0.7002666798186433,0.2217309652727374,0.7671919649535671,-0.0054844261134993355,0.16329418852093508,0.15082320469490978
1,S01_W00,234,standing,0.5686637223412423,0.27128148397133944,0.6176033648843927,0.026597004236041347,0.10005628399228385,0.07638026752893606
1,S01_W00,235,standing,0.6464065583788555,0.35972305317216385,0.6352683970991958,-0.026231859998249063,0.06382612986940328,0.0756655421619558
1,S01_W00,236,standing,0.5046140702389115,0.15305818959059075,0.5974131545066024,-0.09292045254536643,0.05025177731882154,-0.08580156652665646
1,S01_W00,237,standing,0.46711298442040006,0.37129543661906317,0.5198805718756887,-0.05776817465496806,-0.025852423657499124,0.2663817519797972
1,S01_W00,238,standing,0.5474231865294369,0.3024343126019761,0.7527448178173294,0.034331276069206676,0.060830005154593435,0.10443895619716559
1,S01_W00,239,standing,0.5241748617549861,0.3174971360441044,0.5509431106792153,-0.1189686382403797,0.2026838488931982,0.1433447036890158
1,S01_W00,240,standing,0.7246939258050582,0.28131156757952713,0.693922145262217,-0.05912477274162986,0.162301560736972,0.09507099358225826
1,S01_W00,241,standing,0.4621802411423339,0.30804966217039603,0.6209855468575063,-0.08484637292652943,-0.017690092242927086,0.044750851310243825
1,S01_W00,242,standing,0.40532199435969185,0.12696007601032874,0.5405474013778282,0.0015853971585292337,0.08410608590173868,-0.02675694571683848
1,S01_W00,243,standing,0.4925149567319648,0.2523197718717132,0.6884538286403934,-0.20533435075456574,0.05388444986820401,0.29102205559506833
1,S01_W00,244,standing,0.5313424084483616,0.3072613740968021,0.5180411914812083,-0.06270634575854189,0.14730808432500037,0.09024526425467162
1,S01_W00,245,standing,0.5524584012895846,0.1490891669669397,0.5223782658479373,-0.0751337181808221,0.0357579123027126,0.15361223868829463
1,S01_W00,246,standing,0.4185983066392897,0.16980852900384236,0.45420827200043157,-0.17807526720948164,0.11084858592804042,0.06381552421293421
1,S01_W00,247,standing,0.5108839276508326,0.15752543547301368,0.4227586406339908,-0.14003901984186007,0.19100136622539976,0.18261313405846646
1,S01_W00,248,standing,0.42186714283854365,0.2883261411087429,0.2842512542774274,-0.09382678640865856,0.24475702793045054,0.16711737462107978
1,S01_W00,249,standing,0.42849535206695755,0.2885512276597145,0.5084640574533725,-0.25046897737839585,-0.04966251605716675,0.17366469343182508
1,S01_W00,250,standing,0.3495266406158261,0.3458247898861055,0.3948416821896419,-0.24571926255294685,-0.016548343476222013,-0.062849045811434
1,S01_W00,251,standing,0.37106192213025624,0.22184522937781057,0.36861742392203034,-0.004920709821001429,0.18074499769333097,0.14374941630467702
1,S01_W00,252,standing,0.20153615279034146,0.28224503885691854,0.42883003987601487,-0.06674247368190978,0.16335391933065774,0.0644214149087748
1,S01_W00,253,standing,0.5150009791714049,0.15195023372779193,0.42550426688010473,-0.22673241007776823,0.010387994210087598,0.2791159641412246
1,S01_W00,254,standing,0.31491237201882455,0.291637661462797,0.36505820015839957,-0.10037958604335849,0.19389233893605223,0.13904414289746558
1,S01_W00,255,standing,0.17433061455505305,0.15582361238133224,0.3701354433578575,-0.060567626922560236,-0.040603677363328414,0.10017132993831447
1,S01_W00,256,standing,0.2508061992477145,0.18638593686107127,0.1953423461048983,-0.14269011278356392,0.02645035079545751,0.21995473063799031
1,S01_W00,257,standing,0.34220504400856155,0.19940325991821575,0.25289961694185115,-0.0814247845389738,0.01939293576605064,0.06657025712583911
1,S01_W00,258,standing,0.1819952675666121,0.15563377082915925,0.16954033971746557,-0.07983812326233346,0.14307751058745913,0.0314050988410676
1,S01_W00,259,standing,0.23859678936132042,0.18408308764070977,0.2678394155732675,-0.09400764485150465,-0.03160480677431814,0.05740932361954866
1,S01_W00,260,standing,0.21798017121625413,0.2791502527595774,0.04086705306136798,-0.06546924122980025,0.1798373498714526,0.14615725770006052
1,S01_W00,261,standing,0.23837950111978656,0.13568511672461955,0.18555750687632883,-0.22287411413954739,-0.10288725360029113,0.23379080821319728
1,S01_W01,0,walking,1.862002710685248,0.9334293243005373,1.4311301819733893,-0.06916696636107217,0.04126212945206062,0.6398192189459606
1,S01_W01,1,walking,1.9497070730577588,0.984460280975715,1.3760164356799858,-0.1362393949734632,0.09148338456358295,0.7158737895981764
1,S01_W01,2,walking,1.682588154976622,0.7350580821909171,1.4713927886849476,-0.15406632423567504,0.008690574906899126,0.5976644178137269
1,S01_W01,3,walking,1.5470114197866454,0.677073146448419,1.1777444071665215,-0.25541304826455596,-0.007229044326590087,0.5610111593148934
1,S01_W01,4,walking,1.327345011105808,0.7746412580095938,0.8326449301600773,-0.27488700143239386,-0.07962226991628649,0.6614358128384857
1,S01_W01,5,walking,0.9349459419180437,0.484890670586842,0.7981339860632004,-0.32323645695667663,0.06783094332238765,0.427495541629652
1,S01_W01,6,walking,0.6610407545532984,0.33284363663587907,0.48516870214907576,-0.4611363506791555,-0.09170689586571618,0.626319317176548
1,S01_W01,7,walking,0.11010761158199461,0.20238201316241364,0.16098182417494844,-0.515504678485007,0.05159436376495426,0.6147209413543122
1,S01_W01,8,walking,-0.33188803896933416,-0.061482905193556876,0.2634449022192872,-0.5634338593652536,0.02595433009707105,0.4939135191881186
1,S01_W01,9,walking,-0.7226555697963991,-0.07571037797685377,0.5972786871252951,-0.36609609759449374,-0.07959951063667287,0.5717871062242321
1,S01_W01,10,walking,-1.0010945550787007,-0.14294963004281835,0.7264252371966415,-0.3386407097611953,-0.14616265641998824,0.6422366757048729
1,S01_W01,11,walking,-1.5664766924542306,-0.24115526791983655,0.9805892546350597,-0.08474731258472054,-0.10413013437691244,0.6015996828753428
1,S01_W01,12,walking,-1.5361605069670825,-0.31573310469940685,1.075597921731622,-0.20406440352071312,-0.009960540075525192,0.6308340011181743
1,S01_W01,13,walking,-1.9100329001930287,-0.520839140124784,1.1036078252043922,-0.15048706102987297,0.03313292021135499,0.5883603767496532
1,S01_W01,14,walking,-2.0694671396349706,-0.5288598479985749,1.2942625340856821,-0.1548217488814638,-0.016904719467809866,0.48458890442718394
1,S01_W01,15,walking,-2.017048721204987,-0.735619697363265,1.3282791653134256,-0.08276178730108583,0.06622527003251422,0.5594784953007115
1,S01_W01,16,walking,-1.8197309527529806,-0.7778895836685594,1.1973324836367611,-0.011983358473475529,-0.1003973467575418,0.4897027575375179
1,S01_W01,17,walking,-1.7021156321869824,-0.9288810289136457,0.9951805207322063,0.05002799718141411,0.2265692051154077,0.4587707664789016
1,S01_W01,18,walking,-1.3885532722564584,-0.9691793339531183,0.7032303604363888,0.14629790017887845,-0.13757728166064181,0.6140785208467447
1,S01_W01,19,walking,-0.9366744421918307,-0.9521861418288762,0.500207187447444,0.25345008375904854,0.047692440623000945,0.5458163006930052
1,S01_W01,20,walking,-0.9102965307181611,-0.8881206094245475,0.17668322562569544,0.11383264815415184,0.08363941379388269,0.5425765671562003
1,S01_W01,21,walking,-0.3837259658431609,-0.900618848157833,-0.23058844220095245,0.2877509048234654,-0.02541590616780308,0.5330510323556664
1,S01_W01,22,walking,0.20548782270399446,-0.8547788696566679,0.12064752603316449,0.12310436354634709,0.05696419977668055,0.5885447272254478
1,S01_W01,23,walking,0.4341061557373246,-0.9342723018548091,0.40916282083447914,0.16112690600307752,-0.003290547183937051,0.537798009907812
1,S01_W01,24,walking,0.850949109671244,-1.0049396582080146,0.6682663510410923,0.07919825411492964,0.13342926135960542,0.5442862584178182
1,S01_W01,25,walking,1.1925592136748884,-0.8102701831982528,0.809634298549452,0.1532565979035536,0.07453513905939024,0.5252984527151275
1,S01_W01,26,walking,1.3313600562924441,-0.8329016339284894,1.1649810182056426,-0.01704072407063722,0.09835705867983337,0.5148543386767149
1,S01_W01,27,walking,1.4170051409207174,-0.6365812672107707,1.2618646042144013,0.12044287188235217,0.3398840280591999,0.48063854818708124
1,S01_W01,28,walking,1.5408166595681227,-0.738657418790962,1.2007752272843326,-0.1315448038611376,0.08359858771267345,0.4745043987721723
1,S01_W01,29,walking,1.5106530221418715,-0.6520741545080733,1.313024520284751,-0.21955629639745178,0.40160983695464436,0.5179332413697567
1,S01_W01,30,walking,1.4306999008133654,-0.5598370149557543,1.297451526873582,-0.1184746260805203,0.20813496394195005,0.44151919577037
1,S01_W01,31,walking,1.2662963700694752,-0.43997416943352,1.1307734030204124,-0.19894512066970607,0.19832191763521592,0.34940523274536606
1,S01_W01,32,walking,0.9271341906934272,-0.18324041927772677,0.9092444518535996,-0.22150552827913286,0.06831801733145393,0.5633255984304867
1,S01_W01,33,walking,0.788908278093755,-0.2543341540890963,0.5665201849790822,-0.3234305538173444,0.17523352832340386,0.38575065241588935
1,S01_W01,34,walking,0.34542799973768173,-0.028174248533462218,0.27989912274771006,-0.4122667566527263,0.16604653672619415,0.5253072192868286
1,S01_W01,35,walking,0.051088138938047714,0.09486481635677839,-0.032073989845211266,-0.3672908494042056,0.04855620664840188,0.561046519906471
1,S01_W01,36,walking,-0.340304233665019,0.24356202649142053,0.39957449780679843,-0.5236519835625891,0.04360442027191075,0.5390298616928207
1,S01_W01,37,walking,-0.6774801503385407,0.3735544970618315,0.5969633405300248,-0.2926529389725453,0.2739527424877912,0.5499298842517513
1,S01_W01,38,walking,-0.9966711426113248,0.3077125514053475,0.975663719251991,-0.21316609307144835,0.24731338969972283,0.4347716568510711
1,S01_W01,39,walking,-1.1665366997384945,0.6568781629010456,1.2743792669670448,-0.3346028590909822,0.1726619162533924,0.5587047250931653
1,S01_W01,40,walking,-1.3925370541089874,0.6042246899166849,1.3623831180529575,-0.16270075166581466,0.19153087469802652,0.5101200347620491
1,S01_W01,41,walking,-1.5164100384409653,0.9099393868740759,1.3721414982189828,-0.19415745459187944,0.1778545364188315,0.5563524751457702
1,S01_W01,42,walking,-1.6298804937602358,0.7761299222975596,1.326304800570353,-0.07958237440769673,0.07885543689731318,0.44861000471660456
1,S01_W01,43,walking,-1.3856340772360496,0.9089482985739965,1.4813052676950629,-0.04132948336680972,0.212406207359045,0.5105794347669214
1,S01_W01,44,walking,-1.3391966100625676,1.0150967803326165,1.449940482380504,0.0754428720161002,0.036293931666673024,0.5180735431281527
1,S01_W01,45,walking,-1.139873760362205,1.1980039753159764,1.2874683895456858,0.12193254881152836,0.14927529560801753,0.44181862715974224
1,S01_W01,46,walking,-0.7031740784570348,1.0991006520501918,1.00747125536695,0.21388898878694843,0.07977493148427603,0.402027614919608
1,S01_W01,47,walking,-0.5070096506280855,1.0741213027023606,0.5807330623170797,0.23622403238140394,0.25698545754450536,0.557998457725532
1,S01_W01,48,walking,-0.16247704562443843,1.2341188860383268,0.5479583715121569,0.1615903150971141,0.10763002231017717,0.27585969970157426
1,S01_W01,49,walking,0.38198968854395915,1.0939852785805462,0.20539286364510212,0.07909608287387111,0.13003692861356259,0.5108437106702581
1,S01_W01,50,walking,0.6850439831637518,1.0770741481450112,0.32386924123408667,0.18191343589347586,0.033611365202960854,0.29706795111562545
1,S01_W01,51,walking,2.0110417874369317,0.9113387097589346,1.4034374808126224,-0.1437704386518838,0.09076341904806252,0.6623862027404098
1,S01_W01,52,walking,1.920216924863604,0.9077672260583524,1.3685509806926375,-0.12925499761906736,0.012653985360933484,0.5771236841712354
1,S01_W01,53,walking,1.8311659138007812,0.6976118411518306,1.4035287576376563,-0.1505639509290969,-0.240303258067248,0.7103036495693089
1,S01_W01,54,walking,1.3339048886150446,0.604731699356703,1.2799621799059007,-0.27738969660119567,-0.13081181941335646,0.5277579166570396
1,S01_W01,55,walking,1.3669271209009426,0.3877813236924692,1.0651231493831248,-0.30521617129097545,-0.11419868926216872,0.5685944008527305
1,S01_W01,56,walking,0.8498433967636835,0.4932403047321272,0.7626876847235251,-0.4761630370882149,-0.055020609232293335,0.5459845201452039
1,S01_W01,57,walking,0.6372853681967662,0.1948307350343782,0.5272795620642623,-0.36620987025318874,-0.11820005784769633,0.5604623189242237
1,S01_W01,58,walking,0.0473411354675156,0.07776705396037399,0.08180676007898122,-0.47252029731612666,-0.20074045867148557,0.5836842708898242
1,S01_W01,59,walking,-0.45981398579280097,-0.0039665558881672724,0.15047277766086953,-0.44000251704483573,0.13415985732518632,0.6177949113995236
1,S01_W01,60,walking,-0.7073025220861705,-0.2082887346980037,0.45139858465083066,-0.33457947367806157,-0.10603073877806012,0.6849603493833673
1,S01_W01,61,walking,-1.1991409034511562,-0.2087626784465039,0.7103915045204497,-0.3065793434134809,-0.07202769492158656,0.5894872494710747
1,S01_W01,62,walking,-1.4445818431808322,-0.36005000577797713,1.0091070367155275,-0.2566323865636403,-0.023208405699221363,0.5753759834816368
1,S01_W01,63,walking,-1.6163000005993278,-0.4299110154278545,1.106759102831939,-0.21360659539953886,0.1256064460489359,0.5010490350849455
1,S01_W01,64,walking,-1.792549913869814,-0.6651472008077737,1.248833867884819,-0.035290310970621075,0.036224748294993,0.6202039360443474
1,S01_W01,65,walking,-1.985099025892434,-0.6054586209876075,1.2449355058139895,-0.15961866969989408,-0.017646732958754335,0.6205129494998463
1,S01_W01,66,walking,-1.9963932764652057,-0.7570973353094687,1.1211860253236396,-0.00034351394297609666,0.05863403824357835,0.6210766270685593
1,S01_W01,67,walking,-1.7623531182028374,-0.7595485325305971,1.158848830618602,0.055108542635014135,0.018081711689196853,0.5577929337962367
1,S01_W01,68,walking,-1.482433223408209,-0.8651123096476822,0.9090933425882073,0.1220102362460689,0.056749034336893586,0.485404610281046
1,S01_W01,69,walking,-1.3150296661881433,-0.8864786581007315,0.6538279800497453,0.23008707145994484,0.09850647405699346,0.4939690721478694
1,S01_W01,70,walking,-0.9467324119531462,-0.8632072884900933,0.47860686965299953,0.2986738527587589,0.07355254333153191,0.5900464697672013
1,S01_W01,71,walking,-0.78106162770218,-0.8928518318315791,0.2238649357899256,0.19602176745638167,0.01031276866225897,0.5996653840339806
1,S01_W01,72,walking,-0.34703577821488985,-1.0558000861452657,-0.24126283740097976,0.24917795224234626,-0.1217520783224659,0.6024999871809883
1,S01_W01,73,walking,0.013405482558362318,-0.8403075220376689,0.07336174990121921,0.2511055179265961,0.06755287701364868,0.5917825543374835
1,S01_W01,74,walking,0.4900512196237608,-0.9640070847906985,0.4913538127210862,0.09878108461096799,0.13563517907193431,0.652930047103707
1,S01_W01,75,walking,0.830582184695523,-0.7421573242650923,0.6223556465793818,0.034446628308710134,0.04497441832814694,0.6282123182270386
1,S01_W01,76,walking,1.1142015552184652,-0.8426163027616799,0.8247419878830585,0.16090774044078254,0.038530905348312064,0.6641741290154822
1,S01_W01,77,walking,1.5348496085350636,-0.7642457486243546,1.1402012037524256,0.005491299338789668,0.0030557172001971222,0.5191464611181458
1,S01_W01,78,walking,1.3748246215012205,-0.840276957767797,1.349349696085229,0.005476357003448305,0.18884749819637822,0.5383741215259684
1,S01_W01,79,walking,1.5213534427864646,-0.5673973388803407,1.2603967320085767,-0.03868268799870541,0.15249063381613412,0.5312831493454816
1,S01_W01,80,walking,1.409642639175343,-0.7129566060265309,1.2247294114684284,-0.141616278044592,0.0739539164102297,0.5512860082441378
1,S01_W01,81,walking,1.4292386944992415,-0.6286903606832218,1.0877542134650107,-0.17545356904591614,0.21534639263472058,0.45696940636075445
1,S01_W01,82,walking,1.2621188638914844,-0.26846710772330185,1.0759508186618154,-0.27130356217907464,0.15324868949025364,0.49396772705839154
1,S01_W01,83,walking,1.043233051618922,-0.22265299195428553,0.8625660770039232,-0.2996892081488112,0.2611801735385657,0.5467688165220704
1,S01_W01,84,walking,0.7704421580656555,-0.05200148721318561,0.502790415790956,-0.4899894694316806,0.3227741235923069,0.5544562993049664
1,S01_W01,85,walking,0.2343249769038903,-0.05909537389055718,0.35349485850111667,-0.38956318910935217,0.16052259543998137,0.6405542706996241
1,S01_W01,86,walking,-0.06809120117023403,0.055366688764925065,0.017608842428090285,-0.34344277790025163,0.2419369234672749,0.5957827532938702
1,S01_W01,87,walking,-0.32437289624066096,0.27953725947868835,0.30197901245403463,-0.3624108768997922,0.21011386426491863,0.5343334049324621
1,S01_W01,88,walking,-0.6151076173216387,0.4043519961620634,0.6374708667758351,-0.410531311707023,0.2047553356935184,0.5089698779439696
1,S01_W01,89,walking,-0.9603503395539024,0.6528497269857318,0.8722230003257219,-0.277121264838827,0.2812256821205483,0.5129832041684222
1,S01_W01,90,walking,-1.033412641698142,0.5577926429256118,1.1756011049287218,-0.3284185247441841,0.16265630420546,0.5188376738334215
1,S01_W01,91,walking,-1.3294255348394217,0.7191384848026728,1.4299430031976001,-0.21659090721844174,0.15792036060442594,0.7088720491700045
1,S01_W01,92,walking,-1.4641745543507445,0.7341185483385073,1.3886557719361514,-0.22258618673328434,0.2519012438051725,0.45688596949823945
1,S01_W01,93,walking,-1.4999016421001539,0.8758729683237333,1.5478424738244052,-0.14993751985868,0.08227411938239546,0.49731779809256543
1,S01_W01,94,walking,-1.3904675896513945,0.9868743012844354,1.3980464075478074,0.03681633662063955,0.09912818798367931,0.43084609779617
1,S01_W01,95,walking,-1.359358196346359,1.1326815884968153,1.4171147338450523,0.0923721924500823,0.24782780997815956,0.6906360380935399
1,S01_W01,96,walking,-1.1898429988801182,1.0259328032489272,1.1562464756244417,0.030676140947440866,0.05049000832482506,0.4345689625175066
1,S01_W01,97,walking,-0.8547842917921895,1.1555662950101497,0.9927615314300476,0.18261653264648475,0.16533773109738342,0.49956358239299764
1,S01_W01,98,walking,-0.44133312711603934,1.3289705946031478,0.7457591765509677,0.015164565876398167,0.03840373434334418,0.3047319031256823
1,S01_W01,99,lifting,1.413956990453603,0.680067830702847,2.0867147156704657,0.07659042770680655,0.07501748477607544,0.8510298007213979
1,S01_W01,100,lifting,1.3258466086286869,0.5790035293351673,2.121634683335982,-0.08266947659819643,-0.11905932584406884,0.7792631801259171
1,S01_W01,101,lifting,1.3717240085292088,0.6089737183809962,2.019104175591624,-0.16395886018926623,0.012097472077578608,0.801443195092505
1,S01_W01,102,lifting,1.372027966246696,0.6781493905526667,1.9975121656614996,-0.18106932293399391,0.05827901399727206,0.8432837042577345
1,S01_W01,103,lifting,1.2252504055575761,0.6187754221526345,2.0085297490898726,-0.0641789608925483,0.1627829428312504,0.7250851199088744
1,S01_W01,104,lifting,1.181481081872655,0.5188057174656943,1.8048491537930054,-0.2412217277832945,-0.10083682954626799,0.8015404553450169
1,S01_W01,105,lifting,1.0242909040445365,0.4857728927721009,1.6067185912417568,-0.29754009704559536,0.03449194742794348,0.8056729958235095
1,S01_W01,106,lifting,1.0236733751209968,0.6135212996600333,1.526925586524247,-0.18927876483851125,-0.07245974234843205,0.6898655249863624
1,S01_W01,107,lifting,0.9830754685386991,0.32344416453288916,1.234944341691296,-0.24769864028479882,0.0047911278519562825,0.7195823963381824
1,S01_W01,108,lifting,0.7002546111562471,0.4534008789943301,1.0494721827802984,-0.3702828227674317,0.08594583197286845,0.8298777843099825
1,S01_W01,109,lifting,0.5339890946040186,0.18541316996800114,0.834462655669512,-0.2749141589532567,0.10259962474844167,0.706025363678462
1,S01_W01,110,lifting,0.42843965333677236,0.32229337295820104,0.47123342439859606,-0.1969469316879116,-0.08616273160884588,0.8137167751737145
1,S01_W01,111,lifting,0.3010197683308346,0.31085773770360875,0.46433975261690247,-0.476178618994737,-0.05497837728137858,0.7961667214694866
1,S01_W01,112,lifting,0.10828070867450539,0.21777819153418118,0.23611167031874025,-0.24080800104921074,-0.00968195120782021,0.6351052142776152
1,S01_W01,113,lifting,-0.07140991394146307,0.16818346664273606,-0.019542612938541537,-0.23956446586170038,0.08007424805742727,0.7904129024556772
1,S01_W01,114,lifting,-0.4383033468063064,-0.012085089759963363,0.44831098074829956,-0.33145702704209495,-0.15109907116834054,0.8762851152567073
1,S01_W01,115,lifting,-0.3476842464640366,0.13398542840069333,0.5449060543821387,-0.24583528885696054,0.03718877341771313,0.8302175738348598
1,S01_W01,116,lifting,-0.3174125620314488,0.07899541099668642,0.6139582851886106,-0.2387657914810369,0.10026634981301584,0.8673402454617564
1,S01_W01,117,lifting,-0.6779379113557003,0.050686679452480746,1.0213455761246892,-0.05798286911878495,-0.04997103690352644,0.7269914647119378
1,S01_W01,118,lifting,-0.8039878050195515,-0.1249457337977582,1.0687283620550732,-0.4715432322622644,-0.02338813454430671,0.7933464012957261
1,S01_W01,119,lifting,-0.9443873191611202,0.026638976760972932,1.3170253340328875,-0.13163985466619693,0.033932845866640166,0.8258808478780887
1,S01_W01,120,lifting,-0.9961627060238865,-0.06024883019986538,1.4770761183148922,-0.1774957318090809,0.044224094376061465,0.7324336255342997
1,S01_W01,121,lifting,-1.0863802358295969,-0.03151278364705412,1.5859124995673235,-0.164014108010949,0.11769811862314518,0.842204134039367
1,S01_W01,122,lifting,-1.203570124601165,-0.44025826537319723,1.7601099582817306,-0.3539170551749205,0.13708153219662078,0.7597900042220677
1,S01_W01,123,lifting,-1.1946629881457025,-0.35975478248942994,1.6804178508060361,-0.13299043387900755,0.019452851209843133,0.7019195532640133
1,S01_W01,124,lifting,-1.321559256409985,-0.10273372565826605,1.9305340238980653,-0.04640682271420005,0.09254501669156293,0.854374790227651
1,S01_W01,125,lifting,-1.3801910404839575,-0.5234703168251924,1.880224444147877,-0.04130232827803357,-0.049440951028413255,0.7164496729939733
1,S01_W01,126,lifting,-1.439565348348563,-0.2721859495318075,1.9586669387257836,-0.029694378460757433,0.08119718894274044,0.7218882096037561
1,S01_W01,127,lifting,-1.370110525797211,-0.518606200899234,1.6989322361343644,-0.045437214084694706,0.060915449016309284,0.8156886084317925
1,S01_W01,128,lifting,-1.2444611524648832,-0.3277118287971668,1.7411661959866414,-0.0616475747786952,0.07713869488707714,0.915351306300954
1,S01_W01,129,lifting,-1.2189231587710598,-0.3912572331057522,1.709856704377101,-0.08088291332988311,0.10571564775065598,0.6183719005772665
1,S01_W01,130,lifting,-1.30706155081013,-0.5153728534205255,1.7619766652368012,-0.016432009726946743,-0.14848440444958294,0.7401828883722351
1,S01_W01,131,lifting,-1.278864116102713,-0.5259610666287904,1.4965227682533022,0.010833864869103763,0.11408241177559852,0.570379630398091
1,S01_W01,132,lifting,-1.1845805676714078,-0.49555179280541173,1.3003159667086084,-0.07686813970441664,0.10867128190840675,0.7758193070516722
1,S01_W01,133,lifting,-1.0536371808514966,-0.7256994157680599,1.2311205562889298,-0.06380059143489133,0.08433914751776292,0.6077214586724446
1,S01_W01,134,lifting,-1.037584562186216,-0.6203350292557323,0.9668458578880699,0.032411466427249104,0.11128063581093539,0.6355663315134676
1,S01_W01,135,lifting,-0.7506450823980364,-0.5761809525405118,0.7169546977233674,0.027221348917439755,-0.06298154846763361,0.6868329951376331
1,S01_W01,136,lifting,-0.7328929820612954,-0.7996426714300753,0.5084791718592194,0.0343743321988139,0.19957425352471075,0.5194663808484091
1,S01_W01,137,lifting,-0.6883158564631358,-0.5297279308957732,0.42891278949471606,0.05408925025899706,0.027706432292906327,0.6968965019305957
1,S01_W01,138,lifting,-0.622575192349996,-0.7735215176478827,0.06067931135124768,0.24207734800342917,0.04820257383956899,0.6473791601600994
1,S01_W01,139,lifting,-0.20598324728041273,-0.4596028869592829,-0.20314495235774738,0.11824216100446537,0.23363045908336916,0.5090353142539256
1,S01_W01,140,lifting,-0.07363376545714717,-0.7105680758756405,0.08399412754748171,0.09876595529871994,0.016030436512512708,0.5434736518459715
1,S01_W01,141,lifting,0.006245101358098484,-0.547834127764671,0.3027906494236121,0.11947441855694928,0.14315375984035345,0.5355094516687154
1,S01_W01,142,lifting,0.18043047119103417,-0.5577426176953879,0.7526658799345551,0.07663177752146996,0.06556785124300518,0.6656831243837089
1,S01_W01,143,lifting,0.31913444388771195,-0.6593705378711598,0.7338858089512024,0.14013189805542958,0.04071137270302369,0.5620630140904234
1,S01_W01,144,lifting,0.38650892706329404,-0.5276542357014096,0.926954962200952,-0.06302081543996538,-0.04177356713273983,0.4847088336717923
1,S01_W01,145,lifting,0.3916697989509637,-0.6079968598175577,1.0738665477275446,0.01326277659844765,0.054179366250518356,0.5405970187763469
1,S01_W01,146,lifting,0.7099436314065909,-0.5285533388369321,1.3456674449476502,0.024578294072854064,0.08370055277339666,0.5922561760790678
1,S01_W01,147,standing,0.6415145579017403,0.2426223511485306,0.5932672314559553,-0.24747085153270082,0.10256574128054693,0.21920694095415427
1,S01_W01,148,standing,0.5683725666673396,0.45732730638336677,0.5183254351428299,-0.06773318260894058,0.08273641962877967,0.15029509184365797
1,S01_W01,149,standing,0.576829841648055,0.3172042677005562,0.6541596046008082,0.024716234267245604,0.08537047294905133,0.22359947927846618
1,S01_W01,150,standing,0.5242347035307371,0.3664019891640574,0.5218858812851455,0.0013762649344980088,0.2623510112948551,0.14863413571290526
1,S01_W01,151,standing,0.39857965344860946,0.2576300803037772,0.6769444754630306,-0.042003145720269947,0.10536325758102409,0.2390923239833896
1,S01_W01,152,standing,0.6055582414007115,0.3951067306996437,0.6465294492290924,0.03511581635909376,0.1141054889450587,0.2307889726008889
1,S01_W01,153,standing,0.5342689055965488,0.24564891275914794,0.7031365491532724,-0.06969223195010048,0.14974510739906793,0.16820815371111672
1,S01_W01,154,standing,0.5031810795687285,0.2905876121158641,0.6741411853706427,-0.04293452882106283,-0.05160908060232201,0.14100151626901994
1,S01_W01,155,standing,0.683184493856435,0.26841651202143824,0.40694706131125247,0.06372901105805895,0.13985555534766758,0.15250358371033026
1,S01_W01,156,standing,0.5006322185569081,0.36778976449486145,0.4984195223120612,0.003789111408697976,0.12859645372428843,0.17753416683573786
1,S01_W01,157,standing,0.5309893759948224,0.2627576313519927,0.6153050985393208,-0.15764998013912784,-0.044575188108235644,0.20694133528837105
1,S01_W01,158,standing,0.5581209480583764,0.3106020453887355,0.553246131014353,-0.11441090392600324,0.14813676474408216,0.15393956189488636
1,S01_W01,159,standing,0.45621214069901417,0.24253549404718958,0.6703683900874973,-0.22790418187293254,0.12508187794460274,0.02302511006055949
1,S01_W01,160,standing,0.47338333739664973,0.22797921673105961,0.32913843593304704,-0.0583141567354912,0.054657839700120545,-0.01084110342926431
1,S01_W01,161,standing,0.5353866851462201,0.37253335118186626,0.6015286338349444,-0.06104372405952257,0.08870898305291075,0.263061212680584
1,S01_W01,162,standing,0.5883278409103394,0.3433649230729202,0.3925501136604005,-0.07396710820653005,0.12015048069455461,0.01172452572752794
1,S01_W01,163,standing,0.47615801181536693,0.4293508232645351,0.5038223848165141,0.02749311929011168,0.09958865163404275,0.15029365059974614
1,S01_W01,164,standing,0.4533595143273784,0.17696527529688177,0.3595047614854928,0.010629023333563109,0.19471058791830442,0.07649199937795338
1,S01_W01,165,standing,0.4839446498487804,0.22988486390151985,0.44702209241800955,-0.05414287598389215,0.1644404240037037,0.1619996353860711
1,S01_W01,166,standing,0.5023856761300101,0.25609775902059306,0.45228195331532495,-0.15789546096701682,0.2575557671758046,0.19254227573418653
1,S01_W01,167,standing,0.4291252721155528,0.09708828590741991,0.31834920827341806,0.007533624396601726,0.10778648343804718,0.0014005850802507325
1,S01_W01,168,standing,0.4371309763731307,0.17653687110225746,0.4782277139238602,-0.09877456446999858,0.10118537787021024,0.24833875255240562
1,S01_W01,169,standing,0.2637458889946888,0.1348086391668183,0.3301300031185652,-0.025812063539132957,-0.02168617410477129,0.020071951829121693
1,S01_W01,170,standing,0.3824423854904298,0.1600982090357634,0.29440274320604776,-0.24075597410742722,0.03044235018459744,0.15237476117307036
1,S01_W01,171,standing,0.371523618238828,0.14064405006149205,0.43773929346571716,-0.1471875197747147,0.030091577819980314,0.27540745559875934
1,S01_W01,172,standing,0.29413643290795827,0.15209510830754513,0.27157942525302364,0.01562472086451433,0.2020149220458935,0.08648758453363967
1,S01_W01,173,standing,0.25355771437692354,0.1972956613828012,0.18344027965480583,-0.09725994545530652,0.0851258575368844,0.24243367435048402
1,S01_W01,174,standing,0.3329155057504065,0.15748660360483935,0.2231181601556847,-0.03983122555581494,0.03786785173493191,0.19766791326170308
1,S01_W01,175,standing,0.20832472408139904,0.09992876168574776,0.14116572967810592,0.02263545268693573,0.07215368325932531,0.28113894911393233
1,S01_W01,176,standing,0.15299970338149085,0.19435428148376155,0.38622699404319927,-0.17785968156127296,-0.06717170195788064,0.2521461246314755
1,S01_W01,177,standing,0.10640836645087129,0.16290140298615885,0.1247008347350407,-0.0719398144125386,0.008598207147150608,0.1341066174317064
1,S01_W01,178,standing,0.18676193432830546,0.07731901125616968,0.09203019709967947,-0.1212919143699445,-0.029674890109151877,0.11395472875833368
1,S01_W01,179,standing,0.138297588699624,0.11937434285413596,0.10253112750589476,-0.09518601828202944,0.03216170896333948,0.20227753186362896
1,S01_W01,180,standing,0.22151560816634336,0.10747407867874025,0.13904412399875174,-0.11283982101150258,0.11385261974106506,0.27146321713491883
1,S01_W01,181,standing,0.1250330524241839,-0.004027669610288942,0.11235902472423634,0.00489826796568929,0.06687999322224272,0.2250356572820752
1,S01_W01,182,standing,0.006726769427192893,0.012161115926787064,0.06300982373087571,-0.2342930542476493,0.065421671853858,0.24749225198235403
1,S01_W01,183,standing,-0.11332295598905093,0.021744095235082153,-0.05526154926665616,-0.09886820735402435,0.05534328957190449,0.25561205815718846
1,S01_W01,184,standing,0.09328802575870651,0.15676918480066213,0.014486137510890305,-0.062355501728589155,0.01564093832737981,0.21137083790633399
1,S01_W01,185,standing,-0.09454752783905973,0.17696804407142847,0.10746570428606261,-0.07693952256299881,0.07050299168962576,0.1739085648323052
1,S01_W01,186,standing,-0.2570020718195298,0.12725922684721988,0.020954280535483778,-0.097837298193963,0.14112476217136524,0.13496924493653573
1,S01_W01,187,standing,-0.1417325205662852,0.08466033146628776,0.0528048121285013,-0.08455428807661236,0.09755944930661892,0.2231448241930929
1,S01_W01,188,standing,-0.15973925835457456,0.10287900597324938,0.16786332279869498,-0.23246353963617614,0.09898298541376847,0.09218745729307197
1,S01_W01,189,standing,-0.12472556646480212,0.009248414394774779,0.06822580541052252,0.05367643819023296,-0.0165362172596953,0.0444496163408601
1,S01_W01,190,standing,-0.22127425973962267,0.21259932899706638,0.06173778095178064,-0.0955884356459346,0.052404143318542505,0.061443862646075376
1,S01_W01,191,standing,-0.15778790795040315,0.26380420934429405,0.2268021126791418,-0.1616697125565949,0.13644287597106677,0.06943410743331681
1,S01_W01,192,standing,-0.3027146684431688,0.14141365998282732,0.2246943898549731,-0.009632158312978631,0.04705949413649097,0.1215514369375921
1,S01_W01,193,standing,-0.12199429530411973,0.0838529624279388,0.11654870507292955,-0.2227082391202837,0.0937720874920759,0.2201315407681792
1,S01_W01,194,standing,-0.2988620725567892,0.09629017376424524,0.1903817676139305,-0.0330215502901821,0.15443505490387127,0.0771509164946185
1,S01_W01,195,standing,-0.35316924622880225,-0.004857114414882242,0.2504377737571952,-0.136229692537081,0.02917006983606727,-0.014122041277618264
1,S01_W01,196,standing,-0.10400559353549785,0.09649867820153497,0.2559440275774677,-0.01527268654474101,0.13084829534984976,0.11089841059251673
1,S01_W01,197,standing,-0.27734088392142087,-0.011161070904133326,0.4197379601943661,-0.04802480609823471,0.04762724291483973,0.16652448206028347
1,S01_W01,198,standing,-0.36471980033504015,0.13599569816774293,0.17020797526263354,-0.052310932964011715,0.17001970363852975,0.158887945108031
1,S01_W01,199,sitting,0.44900315861263923,0.2458620752393346,0.3742693452564542,-0.1312995536045661,0.05125102834281604,0.2408440945763944
1,S01_W01,200,sitting,0.4303721042461529,0.1812146170374278,0.3364520475614221,0.0028320490987881475,0.14125342957329995,0.16734981207716193
1,S01_W01,201,sitting,0.41589852570180436,0.28894803536561575,0.3250568309692352,-0.10603461260677337,0.16477970870676956,0.19249640783522037
1,S01_W01,202,sitting,0.35522866952626037,0.17355808268844086,0.38383850886151355,0.05275719056057493,-0.06605929508986844,0.14483563604615837
1,S01_W01,203,sitting,0.32081569995597525,0.19009548101054077,0.3444036440798529,-0.11904195788058619,0.044472930293435055,0.12314445946417536
1,S01_W01,204,sitting,0.3850334160992927,0.12260791547096567,0.434178356340622,-0.025239346823742036,0.15462135818337305,-0.0007078845257441069
1,S01_W01,205,sitting,0.4485595932316871,0.29236635384627707,0.28733921271967755,-0.084802986085719,0.07785701164052197,0.2698900012368619
1,S01_W01,206,sitting,0.5752363740404528,0.10374430088329545,0.5672123909127507,-0.15882248255477951,0.1656032600960174,0.2001089649298919
1,S01_W01,207,sitting,0.33809106586938736,0.27488049044315577,0.35677529295050814,-0.04132541390743829,0.10559435883821595,0.2181115850794365
1,S01_W01,208,sitting,0.4200877420497731,0.22043716858720902,0.4505605590391092,-0.039307294433549654,0.14567695049793059,0.0691569371254599
1,S01_W01,209,sitting,0.3265850970847808,0.18681943267029266,0.310525666744452,-0.022909912984887593,0.16520203485997959,0.10981706588812404
1,S01_W01,210,sitting,0.5206718589255629,0.340007283661954,0.3767987477693066,-0.15162376232147656,0.21314500360820154,0.11723392684526372
1,S01_W01,211,sitting,0.4121267633930581,0.2015766364522056,0.28309964163602563,-0.20342978236561038,0.13773602862019613,0.05931530407981078
1,S01_W01,212,sitting,0.6424754490283044,0.1399976217326727,0.25047006207153827,-0.04519333743712996,0.20944346371267775,0.127010927449875
1,S01_W01,213,sitting,0.4390172246506069,0.07746175830300134,0.2934605756394429,-0.1719590576015423,-0.06451332707213221,0.1310428841903755
1,S01_W01,214,sitting,0.2091833470648546,0.11715592602290494,0.3011112742675529,-0.15263754728379575,0.11879511076770632,0.14595599206065515
1,S01_W01,215,sitting,0.4553334787654953,0.2810328211289558,0.4316030148426414,-0.08635250911813086,0.11135200771208875,0.16224024690507297
1,S01_W01,216,sitting,0.39023196711564795,0.18690204833394755,0.30982133734790507,-0.15166750061694756,0.12079636371108132,0.1135920413283305
1,S01_W01,217,sitting,0.3207668283977163,0.16345893778230378,0.23549282590926565,-0.008018707716002271,0.09334893037448386,0.05186796180710054
1,S01_W01,218,sitting,0.43327898615823046,0.1692895407149243,0.21554369588456157,-0.004690772863360809,0.04408439614682071,0.0879434265122441
1,S01_W01,219,sitting,0.36651892184347923,0.30314605390859684,0.3252386914341669,-0.18237978229768115,0.13055509431024226,0.08160433244844023
1,S01_W01,220,sitting,0.5087445629740471,0.20918993768465477,0.14023977199723983,-0.057922346788333176,0.24260567734056526,0.2462101459166254
1,S01_W01,221,sitting,0.4985318172565961,0.12516703284478953,0.38725874792776344,-0.14433147763149598,0.10497406831891853,0.018018291620024343
1,S01_W01,222,sitting,0.2947045557505012,0.15004480466031836,0.3812541597217116,-0.022573954016888595,0.1091697006407129,0.011523786409945988
1,S01_W01,223,sitting,0.31539820503522653,0.1417809261948637,0.3738685068440688,0.007564573396127053,0.1715283197011282,0.05882811660288892
1,S01_W01,224,sitting,0.11510001401034323,0.057368683234882034,0.4127932268828594,-0.11884846573869678,0.026952999527615817,0.25033193109132984
1,S01_W01,225,sitting,0.429275959862334,0.19786730624322857,0.27020583511811636,-0.09737311152416007,0.10517763570277645,0.24658171076660254
1,S01_W01,226,sitting,0.35553056292318697,0.251110607765723,0.38168366572739254,-0.18043509066220725,0.1473873537493128,0.09465675293653038
1,S01_W01,227,sitting,0.1139874419428002,0.019823444296843268,0.20100824269411885,-0.044418165180810334,0.09609630675542809,0.13260154570537716
1,S01_W01,228,sitting,0.46476675856496924,0.08553117194475887,0.27443294533767293,-0.06261517659057501,0.028084580996231567,0.11973406680819793
1,S01_W01,229,sitting,0.17398840820634207,0.29676557012857097,0.21612561303896144,0.07548905186400238,0.08438272374472351,0.1993138292856495
1,S01_W01,230,sitting,0.29089263966215917,0.17836250501570364,0.21781971471988756,-0.07754490438683541,0.11241495600746781,0.053916520518201866
1,S01_W01,231,sitting,0.2782079223957332,0.12879807916982552,0.4422655939819281,-0.09430401950793242,0.21058817572945382,0.10058125877349307
1,S01_W01,232,sitting,0.3018939036026155,0.06861672977900198,0.21614327484475906,-0.07033237314378116,0.21384460641476594,0.13354984969908743
1,S01_W01,233,sitting,0.38467552929528087,0.22224081493465073,0.3755871734311153,-0.09194693147488898,0.2781769671767397,0.07650620800407265
1,S01_W01,234,sitting,0.20537839664447421,0.07077254655433422,0.42523563577198287,-0.02171494338118425,0.06022449689634424,0.2147930523082294
1,S01_W01,235,sitting,0.314321499840025,0.32139983333261374,0.10816156022443593,-0.10854551096301898,0.04994760573780146,-0.043503223859456264
1,S01_W01,236,sitting,0.3366393844300417,0.13895028016099853,0.28427252836817646,0.1014203703590642,0.05868513840191458,0.08020629719638361
1,S01_W01,237,sitting,0.2537127459915771,0.2359746250670108,0.17276161868025747,-0.1378816950072995,0.17151524981021882,0.1436839942414024
